Index,Customer Id,First Name,Last Name,Company,City,Country,Phone 1,Phone 2,Email,Subscription Date,Website
1,138fB5315da5fE9,Jeanne,Ferrell,Wilcox-Fox,Tonichester,British Virgin Islands,001-995-820-0140x05493,(757)324-8634,aaronwoods@walter.com,3/27/2020,https://www.romero.biz/
2,b0d61acAc72A388,Ian,Browning,Meadows Inc,Colontown,El Salvador,218-383-6764,+1-213-212-0464x0742,zschultz@blevins-church.info,3/12/2021,https://ford.com/
3,1B27Ff7Fd418C89,Taylor,Martinez,Nicholson Inc,East Evelyn,Marshall Islands,1-455-875-7024,(783)689-6710x09859,monicacoffey@moody.com,8/29/2021,http://love-morales.com/
4,eff8bbcED3eacD8,Andre,Mccall,Cooper Ltd,New Luis,Colombia,(334)358-5162x861,016-422-2338,parkerdiana@orr.net,5/29/2020,http://vaughan.biz/
5,73ee6AaCAcea39C,Alyssa,Mcneil,"Arnold, Neal and Reed",New Jay,Netherlands Antilles,+1-344-219-8095x764,001-178-547-0380x10666,janephillips@nicholson-franklin.com,11/10/2020,http://ibarra-adkins.com/
6,e4A1fb3fA732CED,Marisa,West,Stanley PLC,Dalemouth,Morocco,+1-211-391-0983x663,701-169-4514,matthew73@rush.info,7/9/2020,http://www.holland-ochoa.org/
7,dC9dbfa601b71b5,Jaclyn,Branch,Ballard LLC,East Jacquelineberg,Bulgaria,3552675231,+1-769-658-2475x78782,hrobbins@hodge.com,5/7/2020,https://patrick-whitehead.com/
8,38ce8fA0e07AdEe,Billy,Stone,"Decker, Frederick and Pittman",Tammieburgh,Cayman Islands,109.506.0401x9595,405.634.9674,kmcneil@hendrix-callahan.biz,11/6/2021,http://www.stout.com/
9,134e7E02Ccb2614,Cristian,Waters,Bright LLC,Shaneville,Uruguay,(569)288-1186x339,,wanda26@rios.com,3/6/2020,https://www.clarke-davis.com/
10,BAd847028B01cCF,Edward,Meza,Moore PLC,New Jade,Puerto Rico,+1-753-511-1815x4880,388.374.1422x28744,sheilarios@myers.biz,,https://farley.com/
11,AB7F973e25C48cc,Tonya,Casey,Anthony Ltd,Jonbury,Macedonia,708.631.6521,756-377-6482x426,roachgerald@gomez-patton.info,4/17/2020,http://obrien-holder.com/
12,097E7318EB2BdeE,Franklin,Estes,Ho LLC,Salasville,Sierra Leone,439.903.8544x933,913-415-3834,jaclyn40@ramsey.com,4/13/2021,http://www.nelson.biz/
13,aF87BD4c6815163,Candace,Macdonald,"Wilkins, Villa and Lloyd",New Walter,Montenegro,(205)001-7993x5174,7247692116,hpetersen@whitney.info,1/12/2020,http://www.odom.com/
14,8d3acB34bF34dC2,Gabriella,Nielsen,Pollard-Meyers,Gordonburgh,Sweden,+1-650-214-2790x041,1-708-649-9945,,9/26/2021,
15,baf4e1E54ba26Fe,Linda,Velez,,Terrellport,Guadeloupe,(620)148-8832x4011,(430)644-3960x13772,rebecca53@ali.org,1/29/2021,http://www.gutierrez-bray.com/
16,d7cADd8B56F531D,Cindy,Haynes,Lozano and Sons,South Tom,Colombia,,001-504-170-7374,rubenmahoney@warner.com,7/7/2020,https://www.fritz-harrington.biz/
17,8C2AF7ca332C2BA,Shawn,Wheeler,Harmon-Wallace,Kaufmanville,American Samoa,926.256.7746x07704,1-942-927-9013,faithfarrell@barron.net,1/1/2022,http://gallagher-underwood.com/
18,7ad82F593ACFCac,Joe,Hayden,Suarez PLC,Richardland,Azerbaijan,645.759.1156x19217,001-099-165-5270x28215,sergio33@fitzpatrick.com,8/19/2020,http://holder.com/
19,e0E8F335e7495f2,Daryl,Rodgers,Gould and Sons,East Brooke,,914.756.1802x95427,1-802-269-2026,floresdawn@herman.info,5/24/2021,https://www.drake-garrett.com/
20,AB7F973e25C48cc,Tonya,Casey,Anthony Ltd,Jonbury,Macedonia,708.631.6521,756-377-6482x426,roachgerald@gomez-patton.info,4/17/2020,http://obrien-holder.com/
